aligned_date,Close,High,Low,Open,Volume,next_close_1d,next_close_3d,next_close_5d,return_1d,return_3d,return_5d,trigger_1d,trigger_3d,trigger_5d,SMA_5,EMA_10,volatility_5d,RSI_14
2014-01-02,1831.97998046875,1845.8599853515625,1827.739990234375,1845.8599853515625,3080600000,1831.3699951171875,1837.8800048828125,1838.1300048828125,-0.0003329650749821,0.0032205725373444,0.0033570369106812,0,0,0,1833.097998046875,1831.97998046875,0.003213193528646,57.17308039977252
2014-01-03,1831.3699951171875,1838.239990234375,1829.1300048828125,1833.2099609375,2774270000,1826.77001953125,1837.489990234375,1842.3699951171875,-0.0003329650749821,0.0032205725373444,0.0033570369106812,0,0,1,1833.097998046875,1831.869074041193,0.003213193528646,57.17308039977252
2014-01-06,1826.77001953125,1837.1600341796875,1823.72998046875,1832.31005859375,3294850000,1837.8800048828125,1838.1300048828125,1819.199951171875,-0.002511767473641,0.0032205725373444,0.0033570369106812,1,1,0,1833.097998046875,1830.9419732212032,0.003213193528646,57.17308039977252
2014-01-07,1837.8800048828125,1840.0999755859373,1828.7099609375,1828.7099609375,3511750000,1837.489990234375,1842.3699951171875,1838.8800048828125,0.0060817646626438,0.0032205725373444,0.0033570369106812,0,0,0,1833.097998046875,1832.2034335233136,0.003213193528646,57.17308039977252
2014-01-08,1837.489990234375,1840.02001953125,1831.4000244140625,1837.9000244140625,3652140000,1838.1300048828125,1819.199951171875,1848.3800048828125,-0.0002122089839386,0.003341757882626,0.0033570369106812,0,-1,1,1833.097998046875,1833.1646256525976,0.003213193528646,57.17308039977252
2014-01-09,1838.1300048828125,1843.22998046875,1830.3800048828125,1839.0,3581150000,1842.3699951171875,1838.8800048828125,1845.8900146484373,0.0003483091890779,0.0062186182333325,0.0033570369106812,0,0,0,1834.3280029296875,1834.0674218762729,0.003213193528646,57.17308039977252
2014-01-10,1842.3699951171875,1843.1500244140625,1832.4300537109373,1840.06005859375,3335710000,1819.199951171875,1848.3800048828125,1838.699951171875,0.0023066868083931,0.0024430268692439,0.0060064323590145,-1,0,0,1836.5280029296875,1835.576980647348,0.0032230916235909,57.17308039977252
2014-01-13,1819.199951171875,1843.449951171875,1815.52001953125,1841.260009765625,3591350000,1838.8800048828125,1845.8900146484373,1843.800048828125,-0.0125762165073898,-0.0099538169784353,-0.0041439635413533,1,1,1,1835.0139892578125,1832.5993389245348,0.0070241198994554,57.17308039977252
2014-01-14,1838.8800048828125,1839.260009765625,1821.3599853515625,1821.3599853515625,3353270000,1848.3800048828125,1838.699951171875,1844.8599853515625,0.0108179717673475,0.0004080233704948,0.0005441051632006,1,0,0,1835.2139892578125,1833.741278189676,0.0083753085189608,57.17308039977252
2014-01-15,1848.3800048828125,1850.8399658203125,1840.52001953125,1840.52001953125,3777800000,1845.8900146484373,1843.800048828125,1828.4599609375,0.0051661881007865,0.0032621079270467,0.005926570869128,0,0,-1,1837.3919921875,1836.4028648611552,0.0086598139541723,57.17308039977252
2014-01-16,1845.8900146484373,1847.989990234375,1840.300048828125,1847.989990234375,3491310000,1838.699951171875,1844.8599853515625,1790.2900390625,-0.0013471203041568,0.0146713193672687,0.0042216871195241,0,0,-1,1838.943994140625,1838.1278011861152,0.0087349834423759,57.17308039977252
2014-01-17,1838.699951171875,1846.0400390625,1835.22998046875,1844.22998046875,3626120000,1843.800048828125,1828.4599609375,1781.56005859375,-0.0038951743709019,-9.791487778398889e-05,-0.0019920232933879,0,-1,-1,1838.2099853515624,1838.2318284562537,0.008918987916761,57.17308039977252
2014-01-21,1843.800048828125,1849.31005859375,1832.3800048828125,1841.050048828125,3782470000,1844.8599853515625,1790.2900390625,1792.5,0.0027737519941737,-0.0024778216830894,0.0135224814844587,0,-1,-1,1843.1300048828125,1839.24423216023,0.0057416123101479,57.17308039977252
2014-01-22,1844.8599853515625,1846.8699951171875,1840.8800048828125,1844.7099609375,3374170000,1828.4599609375,1781.56005859375,1774.199951171875,0.0005748652214816,-0.0005580122806346,0.0032519688358518,-1,-1,-1,1844.3260009765625,1840.2652781950176,0.0035199048621649,57.17308039977252
2014-01-23,1828.4599609375,1842.2900390625,1820.06005859375,1842.2900390625,3972250000,1790.2900390625,1792.5,1794.18994140625,-0.0088895767398506,-0.0055691469550802,-0.0107770284750378,-1,-1,-1,1840.3419921875,1838.118856875469,0.0044938888234524,48.34243091673937
2014-01-24,1790.2900390625,1826.9599609375,1790.2900390625,1826.9599609375,4618450000,1781.56005859375,1774.199951171875,1782.5899658203125,-0.0208754485689854,-0.0290215903832059,-0.0301209579902985,0,-1,0,1829.2219970703125,1829.422708182202,0.0094107262578726,35.7103367330722
2014-01-27,1781.56005859375,1795.97998046875,1772.8800048828125,1791.030029296875,4045200000,1792.5,1794.18994140625,1741.8900146484375,-0.0048762939402385,-0.0343115072473914,-0.0310762463128948,1,1,-1,1817.7940185546877,1820.7204082570288,0.0093643566276498,34.71294883700352
2014-01-28,1792.5,1793.8699951171875,1779.489990234375,1783.0,3437830000,1774.199951171875,1782.5899658203125,1755.199951171875,0.006140652600219,-0.019666802503601,-0.0278230000377373,-1,-1,-1,1807.5340087890625,1815.589424937569,0.0102549399982262,34.637785246940396
2014-01-29,1774.199951171875,1790.1500244140625,1770.449951171875,1790.1500244140625,3964020000,1794.18994140625,1741.8900146484375,1751.6400146484375,-0.0102092322611575,-0.0089874196580185,-0.0383010281217749,1,-1,-1,1793.402001953125,1808.064066071079,0.0097574580854314,30.89185495721587
2014-01-30,1794.18994140625,1798.77001953125,1777.1700439453125,1777.1700439453125,3547510000,1782.5899658203125,1755.199951171875,1773.4300537109375,0.0112670447438414,0.0070892265189583,-0.0187425594562534,-1,-1,-1,1786.547998046875,1805.541497950201,0.0128413405635365,38.12174422635452
2014-01-31,1782.5899658203125,1793.8800048828125,1772.260009765625,1790.8800048828125,4059690000,1741.8900146484375,1751.6400146484375,1797.02001953125,-0.0064652996420466,-0.0055286104210251,-0.004301019987923,-1,-1,1,1785.0079833984375,1801.3684921084027,0.0090970815963024,34.458192582863205
2014-02-03,1741.8900146484375,1784.8299560546875,1739.6600341796875,1782.6800537109375,4726040000,1755.199951171875,1773.4300537109375,1799.8399658203125,-0.0228319198201846,-0.0182109894108025,-0.0222670258877635,1,1,1,1777.073974609375,1790.554223479318,0.0135490590825689,31.579712766594568
2014-02-04,1755.199951171875,1758.72998046875,1743.8199462890625,1743.8199462890625,4068410000,1751.6400146484375,1797.02001953125,1819.75,0.0076410889387432,-0.0217312500391209,-0.0208089533211297,0,1,1,1769.61396484375,1784.1261739688737,0.0138545974472964,29.43775507551555
2014-02-05,1751.6400146484375,1755.7900390625,1737.9200439453125,1753.3800048828125,3984290000,1773.4300537109375,1799.8399658203125,1819.260009765625,-0.0020282227794392,-0.0173623501564098,-0.0127155546975055,1,1,1,1765.1019775390623,1778.219599546976,0.0134322836557956,25.513797036858037
2014-02-06,1773.4300537109375,1774.06005859375,1752.989990234375,1752.989990234375,3825410000,1797.02001953125,1819.75,1829.8299560546875,0.0124397929256447,0.0181067913572405,-0.0115706187044173,1,1,1,1760.95,1777.3487730313327,0.0137391503591639,33.291825043470126
2014-02-07,1797.02001953125,1798.030029296875,1776.010009765625,1776.010009765625,3775990000,1799.8399658203125,1819.260009765625,1838.6300048828125,0.0133018867989465,0.0238263841857182,0.008094993233229,0,1,1,1763.8360107421877,1780.9253633040448,0.0150079820423058,41.065002354911314
2014-02-10,1799.8399658203125,1799.93994140625,1791.8299560546875,1796.199951171875,3312160000,1819.75,1829.8299560546875,1840.760009765625,0.0015692347655638,0.0275170416117429,0.0332684329576176,1,1,1,1775.4260009765626,1784.3643819433662,0.0067055201057868,40.48316588427703
2014-02-11,1819.75,1823.5400390625,1800.4100341796875,1800.449951171875,3699380000,1819.260009765625,1838.6300048828125,1828.75,0.0110621136088691,0.0261188459009911,0.0367764645760317,0,1,0,1788.3360107421877,1790.798130680936,0.0070079634807342,44.9741771199288
2014-02-12,1819.260009765625,1826.550048828125,1815.969970703125,1820.1199951171875,3326380000,1829.8299560546875,1840.760009765625,1839.780029296875,-0.0002692623900948,0.0123760392164002,0.0386038195928968,1,1,1,1801.860009765625,1795.973017787243,0.0064462121762398,48.03335514812287
2014-02-13,1829.8299560546875,1830.25,1809.219970703125,1814.8199462890625,3289510000,1838.6300048828125,1828.75,1836.25,0.005810025082904,0.0166625871210202,0.0318027216386302,0,0,0,1813.139990234375,1802.12882474496,0.0058625811938832,59.58312598664778
2014-02-14,1838.6300048828125,1841.6500244140625,1825.5899658203125,1828.4599609375,3114750000,1840.760009765625,1839.780029296875,1847.6099853515625,0.0048092167247599,0.0103750542012983,0.0231549926541254,0,0,0,1821.4619873046877,1808.765402951842,0.0043635429708178,63.82711032436066
2014-02-18,1840.760009765625,1842.8699951171875,1835.010009765625,1839.030029296875,3421110000,1828.75,1836.25,1845.1199951171875,0.0011584739056558,0.0118179918673471,0.0227353791016982,-1,0,0,1829.64599609375,1814.5826041907117,0.00443801138357,62.21402487582657
2014-02-19,1828.75,1847.5,1826.989990234375,1838.9000244140625,3661570000,1839.780029296875,1847.6099853515625,1845.1600341796875,-0.0065244842901351,-0.0005901947616028,0.0049457343041625,1,1,1,1831.44599609375,1817.1584943378548,0.0048964381641697,64.25997618152675
2014-02-20,1839.780029296875,1842.7900390625,1824.5799560546875,1829.239990234375,3404980000,1836.25,1845.1199951171875,1854.2900390625,0.0060314582621325,0.0006254789767425,0.0112793220436333,0,0,1,1835.55,1821.27150069404,0.0052845425185407,62.503465056346954
2014-02-21,1836.25,1846.1300048828125,1835.5999755859373,1841.0699462890625,3403880000,1847.6099853515625,1845.1600341796875,1859.449951171875,-0.0019187235651341,-0.0024500802612499,0.0035085467499695,1,0,1,1836.8340087890624,1823.9948642042143,0.0051129875831832,65.39832265234803
2014-02-24,1847.6099853515625,1858.7099609375,1836.780029296875,1836.780029296875,4014530000,1845.1199951171875,1854.2900390625,1845.72998046875,0.006186513465793,0.010313047355605,0.0048840606565225,0,0,0,1838.6300048828125,1828.288522594641,0.0054170224246471,86.48034573891609
2014-02-25,1845.1199951171875,1852.9100341796875,1840.18994140625,1847.6600341796875,3515560000,1845.1600341796875,1859.449951171875,1873.9100341796875,-0.0013476817370097,0.0029025023292341,0.0023685789176381,0,1,1,1839.502001953125,1831.348790326013,0.0055122575576514,83.53224694759659
2014-02-26,1845.1600341796875,1852.6500244140625,1840.6600341796875,1845.7900390625,3716730000,1854.2900390625,1845.72998046875,1873.81005859375,2.1699977565736717e-05,0.0048522990767529,0.008973361137218,0,0,1,1842.7840087890625,1833.8599255721356,0.0040014295168693,85.81494238595725
2014-02-27,1854.2900390625,1854.530029296875,1841.1300048828125,1844.9000244140625,3547460000,1859.449951171875,1873.9100341796875,1877.030029296875,0.0049480829378962,0.0036155107213637,0.0078868177361237,0,1,1,1845.6860107421876,1837.5744916612923,0.0037351243100928,84.29175937454589
2014-02-28,1859.449951171875,1867.9200439453125,1847.6700439453125,1855.1199951171875,3917450000,1845.72998046875,1873.81005859375,1878.0400390625,0.0027826887923012,0.0077664087390572,0.0126344186095983,-1,1,1,1850.3260009765625,1841.5518479359437,0.0031862345740935,81.38129588108193
2014-03-03,1845.72998046875,1857.6800537109373,1834.43994140625,1857.6800537109373,3428220000,1873.9100341796875,1877.030029296875,1877.1700439453125,-0.0073785103462872,0.0003088871851246,-0.0010175334067892,1,1,1,1849.95,1842.311508396454,0.0046983078678583,70.78917127690855
2014-03-04,1873.9100341796875,1876.22998046875,1849.22998046875,1849.22998046875,3765770000,1873.81005859375,1878.0400390625,1867.6300048828125,0.0152677011313326,0.0105808663714264,0.0156033424052031,0,0,0,1855.7080078125,1848.056694902496,0.008228610821735,72.82536559782939
2014-03-05,1873.81005859375,1876.530029296875,1871.1099853515625,1874.050048828125,3392990000,1877.030029296875,1877.1700439453125,1868.199951171875,-5.335132643191631e-05,0.0077227716792402,0.0155271217039987,0,0,0,1861.4380126953124,1852.7391246645425,0.0082357598924503,73.06555975732735
2014-03-06,1877.030029296875,1881.93994140625,1874.1800537109373,1874.1800537109373,3360450000,1878.0400390625,1867.6300048828125,1846.3399658203125,0.0017184082710823,0.0169580865886871,0.0122634484117014,0,-1,-1,1865.9860107421875,1857.155652779512,0.0081823627773608,71.28046115840463
2014-03-07,1878.0400390625,1883.5699462890625,1870.56005859375,1878.52001953125,3564740000,1877.1700439453125,1868.199951171875,1841.1300048828125,0.0005380892952486,0.0022039504605249,0.0099976274590822,0,-1,-1,1869.7040283203123,1860.9528139218733,0.0082222164420667,69.11067780844913
2014-03-10,1877.1700439453125,1877.8699951171875,1867.0400390625,1877.8599853515625,3021350000,1867.6300048828125,1846.3399658203125,1858.8299560546875,-0.0004632463094992,0.0017931301714135,0.017033945273283,-1,-1,-1,1875.992041015625,1863.9014011988625,0.0066841399903759,67.87434605080759
2014-03-11,1867.6300048828125,1882.3499755859373,1863.8800048828125,1878.260009765625,3392400000,1868.199951171875,1841.1300048828125,1872.25,-0.0050821389853683,-0.0050079243631406,-0.0033512971179665,0,-1,0,1874.73603515625,1864.5793291413984,0.0026006698593618,69.56128143015869
2014-03-12,1868.199951171875,1868.3800048828125,1854.3800048828125,1866.1500244140625,3270860000,1846.3399658203125,1858.8299560546875,1860.77001953125,0.0003051708783712,-0.0052395517060099,-0.0029939573630451,-1,-1,0,1873.614013671875,1865.2376240560309,0.0026266812188703,65.98062687971324
2014-03-13,1846.3399658203125,1874.4000244140625,1841.8599853515625,1869.06005859375,3670990000,1841.1300048828125,1872.25,1872.010009765625,-0.0117010951305561,-0.0164237002526438,-0.0163503316396375,0,1,1,1867.4760009765623,1861.801686194991,0.0052327789818847,54.70395212262886
2014-03-14,1841.1300048828125,1852.43994140625,1839.5699462890625,1845.0699462890625,3285460000,1858.8299560546875,1860.77001953125,1866.52001953125,-0.0028217776974703,-0.014189105942139,-0.019653486300597,1,1,1,1860.093994140625,1858.0431986836857,0.0048191803301031,46.795257240872864
2014-03-17,1858.8299560546875,1862.300048828125,1842.81005859375,1842.81005859375,2860490000,1872.25,1872.010009765625,1857.43994140625,0.0096136346292403,-0.0050155204807226,-0.0097700727484862,1,1,0,1856.4259765625,1858.1862454784132,0.0078175567606632,55.89372487627016
2014-03-18,1872.25,1873.760009765625,1858.9200439453125,1858.9200439453125,2930190000,1860.77001953125,1866.52001953125,1865.6199951171875,0.0072196189337276,0.014033187094109,0.0024737207611298,-1,0,0,1857.3499755859375,1860.7432917550652,0.0084874588684962,60.444137387703705
2014-03-19,1860.77001953125,1874.1400146484373,1850.3499755859373,1872.25,3289210000,1872.010009765625,1857.43994140625,1852.56005859375,-0.0061316493356923,0.010667369819812,-0.003977053760206,1,0,0,1855.8639892578128,1860.748151350735,0.0090013836407676,52.45379829282353
2014-03-20,1872.010009765625,1873.489990234375,1854.6300048828125,1860.0899658203125,3327540000,1866.52001953125,1865.6199951171875,1849.0400390625,0.006040504799839,0.007090510709711,0.0139032054878949,0,0,-1,1860.997998046875,1862.795761971624,0.0068526818592079,54.546796313648535
2014-03-21,1866.52001953125,1883.969970703125,1863.4599609375,1874.530029296875,5270710000,1857.43994140625,1852.56005859375,1857.6199951171875,-0.0029326714097337,-0.0030604782848177,0.0137904518318106,0,-1,0,1866.0760009765625,1863.4728997097377,0.0068755024958424,58.00294720713981
2014-03-24,1857.43994140625,1873.3399658203125,1849.68994140625,1867.6700439453125,3409000000,1865.6199951171875,1849.0400390625,1872.3399658203125,-0.0048647097432581,-0.0017896236988163,-0.0007477901052271,0,0,1,1865.797998046875,1862.3759982000124,0.0062925391257271,42.56697124532064
2014-03-25,1865.6199951171875,1871.8699951171875,1855.9599609375,1859.47998046875,3200560000,1852.56005859375,1857.6199951171875,1885.52001953125,0.0044039398144655,-0.0034134511114273,-0.0035411963588263,-1,0,1,1864.4719970703125,1862.965815821317,0.0055524094419144,46.55503330769388
2014-03-26,1852.56005859375,1875.9200439453125,1852.56005859375,1867.0899658203125,3480850000,1849.0400390625,1872.3399658203125,1890.9000244140625,-0.0070003197637347,-0.0074791380705393,-0.0044121309196329,0,1,1,1862.8300048828123,1861.0738599617591,0.005774137496578,40.49414259548212
2014-03-27,1849.0400390625,1855.550048828125,1842.1099853515625,1852.1099853515625,3733430000,1857.6199951171875,1885.52001953125,1888.77001953125,-0.0019000838946738,-0.0045223009134769,-0.0122702178852135,0,1,1,1858.2360107421875,1858.88589252553,0.0043025492156585,38.94985273746904
2014-03-28,1857.6199951171875,1866.6300048828125,1850.0699462890625,1850.0699462890625,2955520000,1872.3399658203125,1890.9000244140625,1865.0899658203125,0.0046402218845611,-0.0042881187063485,-0.0047682448197354,1,1,0,1856.456005859375,1858.6557293603769,0.0053091681203166,42.96406159620851
2014-03-31,1872.3399658203125,1875.1800537109373,1859.1600341796875,1859.1600341796875,3274300000,1885.52001953125,1888.77001953125,1845.0400390625,0.0079241022070266,0.0106770666542261,0.008021806833109,1,1,-1,1859.4360107421876,1861.1437723530923,0.0059857009326608,51.63415634045191
2014-04-01,1885.52001953125,1885.8399658203125,1873.9599609375,1873.9599609375,3336190000,1890.9000244140625,1865.0899658203125,1851.9599609375,0.0070393485966973,0.0197291457719033,0.0106667083683418,0,-1,-1,1863.416015625,1865.5758172945757,0.0063948863478434,55.52580130027899
2014-04-02,1890.9000244140625,1893.1700439453125,1883.7900390625,1886.6099853515625,3131660000,1888.77001953125,1845.0400390625,1872.1800537109373,0.0028533268419763,0.017915412939327,0.0206956668651356,0,-1,-1,1871.0840087890624,1870.1802185890276,0.0039086417198113,65.88707276627534
2014-04-03,1888.77001953125,1893.800048828125,1882.6500244140625,1891.4300537109373,3055600000,1865.0899658203125,1851.9599609375,1833.0799560546875,-0.0011264502910314,0.0087751444774288,0.0214868145791444,-1,-1,-1,1879.0300048828128,1873.5601823967045,0.0036155007172953,67.36658018914609
2014-04-04,1865.0899658203125,1897.280029296875,1863.260009765625,1890.25,3583750000,1845.0400390625,1872.1800537109373,1815.68994140625,-0.0125372880054578,-0.0108352356375491,0.0040212587734629,-1,0,-1,1880.5239990234377,1872.0201430191787,0.0082989190883981,52.186671714748954
2014-04-07,1845.0400390625,1864.0400390625,1841.47998046875,1863.9200439453125,3801540000,1851.9599609375,1833.0799560546875,1830.6099853515625,-0.0107501123941728,-0.0242529931564061,-0.0145806462801491,0,-1,-1,1875.064013671875,1867.11466957251,0.0085079138728375,40.91608553440557
2014-04-08,1851.9599609375,1854.949951171875,1837.489990234375,1845.47998046875,3721450000,1872.1800537109373,1815.68994140625,1842.97998046875,0.0037505537703756,-0.0194889045321068,-0.017798834404364,1,-1,0,1868.352001953125,1864.359268002508,0.0076286715437694,46.96644137282806
2014-04-09,1872.1800537109373,1872.4300537109373,1852.3800048828125,1852.6400146484373,3308650000,1833.0799560546875,1830.6099853515625,1862.31005859375,0.0109182127043403,0.0038014723260313,-0.0099000319749459,-1,-1,-1,1864.6080078125,1865.781229040404,0.009852640334497,50.05514101884282
2014-04-10,1833.0799560546875,1872.530029296875,1830.8699951171875,1872.280029296875,3758780000,1815.68994140625,1842.97998046875,1864.8499755859373,-0.0208847955509127,-0.006482289139855,-0.0294848302867405,-1,1,1,1853.4699951171872,1859.835543043001,0.0129238804572895,41.09690280958324
2014-04-11,1815.68994140625,1835.0699462890625,1814.3599853515625,1830.6500244140625,3743460000,1830.6099853515625,1862.31005859375,1871.8900146484373,-0.0094867736625443,-0.0195846672154237,-0.0264866710557499,1,1,1,1843.589990234375,1851.8090700181372,0.0126002098658215,39.35546960073587
2014-04-14,1830.6099853515625,1834.18994140625,1815.800048828125,1818.1800537109373,3111540000,1842.97998046875,1864.8499755859373,1879.550048828125,0.0082172862255087,-0.022204097451512,-0.007820997596491,1,1,1,1840.7039794921875,1847.9546909878509,0.0133768903653598,41.37047253827024
2014-04-15,1842.97998046875,1844.02001953125,1816.2900390625,1831.449951171875,3736440000,1862.31005859375,1871.8900146484373,1875.3900146484373,0.0067573077914855,0.0054007597330179,-0.004848906379274,1,1,1,1838.9079833984376,1847.050198166196,0.0137345737756366,47.6305721404156
2014-04-16,1862.31005859375,1862.31005859375,1846.010009765625,1846.010009765625,3155080000,1864.8499755859373,1879.550048828125,1878.6099853515625,0.0104884905586892,0.0256762545874946,-0.0052719262218521,0,1,1,1836.933984375,1849.824718243933,0.0136432066533168,53.04399835988538
2014-04-17,1864.8499755859373,1869.6300048828125,1856.719970703125,1861.72998046875,3341430000,1871.8900146484373,1875.3900146484373,1863.4000244140625,0.0013638529097057,0.0187041426127692,0.0173314968756888,0,1,0,1843.28798828125,1852.5565832152065,0.0079830468604342,51.705745876124
2014-04-21,1871.8900146484373,1871.8900146484373,1863.1800537109373,1865.7900390625,2642500000,1879.550048828125,1878.6099853515625,1869.4300537109373,0.003775123551313,0.0156865698412709,0.0309524616293574,0,0,0,1854.5280029296875,1856.0717525667028,0.003605823773727,49.889852965619376
2014-04-22,1879.550048828125,1884.8900146484373,1872.5699462890625,1872.5699462890625,3215440000,1875.3900146484373,1863.4000244140625,1878.3299560546875,0.0040921390251267,0.0092573146747609,0.0267342928685947,0,-1,0,1864.316015625,1860.3405337051431,0.0034756835269251,48.497971127387
2014-04-23,1875.3900146484373,1879.75,1873.9100341796875,1879.3199462890625,3085720000,1878.6099853515625,1869.4300537109373,1883.949951171875,-0.0022133138632203,0.0056519501302985,0.0175856680610517,0,0,0,1870.798022460937,1863.07680296756,0.0046494729178473,46.07361910073862
2014-04-24,1878.6099853515625,1884.06005859375,1870.239990234375,1881.969970703125,3191830000,1863.4000244140625,1878.3299560546875,1883.6800537109373,0.0017169605671216,0.0035899388588742,0.008752531127991,-1,0,0,1874.0580078124997,1865.9010179464697,0.0025221395743889,47.44208888716124
2014-04-25,1863.4000244140625,1877.719970703125,1859.699951171875,1877.719970703125,3213020000,1869.4300537109373,1883.949951171875,1881.1400146484373,-0.0080963909784891,-0.0085924950091814,-0.0007775162564587,0,1,1,1873.768017578125,1865.446291849668,0.0051061275349453,49.55558294871012
2014-04-28,1869.4300537109373,1877.010009765625,1850.6099853515625,1865.0,4034680000,1878.3299560546875,1883.6800537109373,1884.6600341796875,0.0032360358580389,-0.0031779847876695,-0.0013141589079751,0,1,1,1873.276025390625,1866.170612188081,0.0050073935697393,56.924644501677115
2014-04-29,1878.3299560546875,1880.5999755859373,1870.780029296875,1870.780029296875,3647820000,1883.949951171875,1881.1400146484373,1867.719970703125,0.0047607570692913,-0.0001490619655268,-0.0006491408803922,0,0,-1,1873.0320068359376,1868.3814019820093,0.0051590687887543,57.40354989793212
2014-04-30,1883.949951171875,1885.199951171875,1872.68994140625,1877.0999755859373,3779230000,1883.6800537109373,1884.6600341796875,1878.2099609375,0.0029920169771406,0.0110281885202154,0.0045643500586955,0,0,0,1874.743994140625,1871.2120472892575,0.0051560432053596,53.59957470623728
2014-05-01,1883.6800537109373,1888.5899658203125,1878.0400390625,1884.3900146484373,3416740000,1881.1400146484373,1867.719970703125,1875.6300048828125,-0.0001432614814261,0.0076226441164315,0.0026988403122034,0,-1,0,1875.7580078125,1873.4789575477448,0.0051514415200128,70.29525642930237
2014-05-02,1881.1400146484373,1891.3299560546875,1878.5,1885.300048828125,3159560000,1884.6600341796875,1878.2099609375,1878.47998046875,-0.0013484450597095,0.0014960409829443,0.0095202264687921,0,0,0,1879.306005859375,1874.8718770205976,0.0025440486930855,79.80152585097932
2014-05-05,1884.6600341796875,1885.510009765625,1866.77001953125,1879.449951171875,2733730000,1867.719970703125,1875.6300048828125,1896.6500244140625,0.0018712161263063,0.0003769118215539,0.0081468576149814,-1,0,1,1882.352001953125,1876.651541958614,0.0024356951663644,77.46168941086094
2014-05-06,1867.719970703125,1883.68994140625,1867.719970703125,1883.68994140625,3327260000,1878.2099609375,1878.47998046875,1897.449951171875,-0.0089883921605711,-0.0084728205176723,-0.00564862702496,1,1,1,1880.2300048828124,1875.0276199121613,0.0047109924940609,62.012038708895446
2014-05-07,1878.2099609375,1878.8299560546875,1859.7900390625,1868.530029296875,3632950000,1875.6300048828125,1896.6500244140625,1888.530029296875,0.0056164684208124,-0.001557594696897,-0.0030467848844947,0,1,1,1879.0820068359376,1875.6062273713137,0.0053825012861621,58.444827111374885
2014-05-08,1875.6300048828125,1889.0699462890625,1870.050048828125,1877.3900146484373,3393420000,1878.47998046875,1897.449951171875,1870.8499755859373,-0.0013736249452109,-0.0047913306023944,-0.0042735754473089,0,1,0,1877.4719970703125,1875.6105505552223,0.0053846109504741,55.723103164084705
2014-05-09,1878.47998046875,1878.5699462890625,1867.02001953125,1875.27001953125,3025020000,1896.6500244140625,1888.530029296875,1877.8599853515625,0.0015194764311288,0.0057610401636249,-0.0014140543282125,1,1,0,1876.939990234375,1876.1322650849547,0.0054695952326279,53.661504318906104
2014-05-12,1896.6500244140625,1897.1300048828125,1880.030029296875,1880.030029296875,3005740000,1897.449951171875,1870.8499755859373,1885.0799560546875,0.0096727376039313,0.009817892493424,0.0063618849112985,0,-1,-1,1879.33798828125,1879.862766781156,0.0071024910981351,58.50746087286929
2014-05-13,1897.449951171875,1902.1700439453125,1896.06005859375,1896.75,2915680000,1888.530029296875,1877.8599853515625,1872.8299560546875,0.0004217577030636,0.0116333958362038,0.0159177933175698,0,-1,-1,1885.283984375,1883.0604366703776,0.0044495052030254,61.354739879659
2014-05-14,1888.530029296875,1897.1300048828125,1885.77001953125,1897.1300048828125,2822060000,1870.8499755859373,1885.0799560546875,1888.030029296875,-0.0047010050881663,0.0053500963186294,0.0054946297666442,-1,0,0,1887.347998046875,1884.054908057013,0.0053361496878377,54.82306047787408
2014-05-15,1870.8499755859373,1888.1600341796875,1862.3599853515625,1888.1600341796875,3552640000,1877.8599853515625,1872.8299560546875,1892.489990234375,-0.009361807033336,-0.0136029570537641,-0.0025484926581635,0,0,1,1886.3919921875,1881.6540112440905,0.0071517839883327,53.537159005104776
2014-05-16,1877.8599853515625,1878.280029296875,1864.8199462890625,1871.18994140625,3173650000,1885.0799560546875,1888.030029296875,1900.530029296875,0.0037469652067796,-0.0103243649763797,-0.0003300514903719,0,1,1,1886.2679931640623,1880.9641883545396,0.0073741535283203,53.96554139807601
2014-05-19,1885.0799560546875,1886.0,1872.4200439453125,1876.6600341796875,2664250000,1872.8299560546875,1892.489990234375,1911.9100341796875,0.0038447864907102,-0.0018268564378994,-0.0061002653153944,-1,0,1,1883.9539794921875,1881.7125097545663,0.0057320170548095,53.2262732149653
2014-05-20,1872.8299560546875,1884.8800048828125,1868.1400146484373,1884.8800048828125,3007700000,1888.030029296875,1900.530029296875,1909.780029296875,-0.0064983980974675,0.0010583320386927,-0.0129753067278438,1,1,1,1879.02998046875,1880.0974999909515,0.0060653280651882,45.00179418495574
2014-05-21,1888.030029296875,1888.800048828125,1873.3399658203125,1873.3399658203125,2777140000,1892.489990234375,1911.9100341796875,1920.030029296875,0.0081160989512405,0.0054157626365356,-0.0002647561819211,0,1,1,1878.92998046875,1881.5397780465744,0.0074926824300653,51.72385435102761
2014-05-22,1892.489990234375,1896.3299560546875,1885.3900146484373,1888.18994140625,2759800000,1900.530029296875,1909.780029296875,1923.5699462890625,0.0023622298736216,0.0039308858788122,0.011566942796501,0,1,1,1883.2579833984375,1883.5307257170832,0.0053787018551602,54.43047022135037
2014-05-23,1900.530029296875,1901.260009765625,1893.3199462890625,1893.3199462890625,2396280000,1911.9100341796875,1920.030029296875,1924.969970703125,0.0042483918562254,0.0147904902698912,0.01207227595356,1,1,1,1887.7919921875,1886.621508186136,0.0054166316557059,55.98371045496571
2014-05-27,1911.9100341796875,1912.280029296875,1902.010009765625,1902.010009765625,2911020000,1909.780029296875,1923.5699462890625,1924.239990234375,0.0059878058790907,0.0126481064984467,0.0142328594810128,0,1,1,1893.1580078125,1891.2194220031452,0.0056383366543552,67.39082603286825
2014-05-28,1909.780029296875,1914.4599609375,1907.300048828125,1911.77001953125,2976450000,1920.030029296875,1924.969970703125,1927.8800048828125,-0.0011140717108722,0.0091361323714893,0.0197295398456924,1,1,1,1900.5480224609375,1894.594077874732,0.0035270183756575,63.29938661337147
2014-05-29,1920.030029296875,1920.030029296875,1909.8199462890625,1910.5999755859373,2709050000,1923.5699462890625,1924.239990234375,1940.4599609375,0.0053671102654548,0.0102602956540571,0.0169488829644923,0,0,1,1906.9480224609376,1899.2187963151216,0.0028607441598301,67.56886259864598
2014-05-30,1923.5699462890625,1924.030029296875,1916.6400146484373,1920.3299560546875,3263490000,1924.969970703125,1927.8800048828125,1949.43994140625,0.0018436779311643,0.0060985673493667,0.0164227849103912,0,0,1,1913.164013671875,1903.6462781285657,0.0029153049545276,67.74497906809805
2014-06-02,1924.969970703125,1925.8800048828125,1915.97998046875,1923.8699951171875,2509020000,1924.239990234375,1940.4599609375,1951.27001953125,0.0007278261010281,0.0079537649222578,0.0128595397228696,0,1,1,1918.052001953125,1907.5233131421217,0.0030413184693992,62.84002997441841
2014-06-03,1924.239990234375,1925.0699462890625,1918.7900390625,1923.0699462890625,2867180000,1927.8800048828125,1949.43994140625,1950.7900390625,-0.0003792165487565,0.0021926536946099,0.0064490252335422,0,1,1,1920.5179931640623,1910.562708977077,0.0025402395147552,62.154091532593945
2014-06-04,1927.8800048828125,1928.6300048828125,1918.5999755859373,1923.06005859375,2793920000,1940.4599609375,1951.27001953125,1943.8900146484373,0.0018916635486794,0.0022406560271255,0.0094775185143187,1,1,1,1924.13798828125,1913.711308232665,0.0021559473550459,68.750574402837
2014-06-05,1940.4599609375,1941.739990234375,1922.9300537109373,1928.52001953125,3113270000,1949.43994140625,1950.7900390625,1930.1099853515625,0.0065252795935566,0.0080468737019918,0.0106404229771899,0,1,-1,1928.223974609375,1918.574699633544,0.0026324510536665,84.86427726716296
2014-06-06,1949.43994140625,1949.43994140625,1942.4100341796875,1942.4100341796875,2864300000,1951.27001953125,1943.8900146484373,1936.1600341796875,0.0046277587012986,0.0130960541823088,0.013448949525904,0,0,-1,1933.3979736328124,1924.1865617740357,0.0028447844095869,85.15717463264765
2014-06-09,1951.27001953125,1955.550048828125,1947.1600341796875,1948.969970703125,2812180000,1950.7900390625,1930.1099853515625,1937.780029296875,0.0009387712266117,0.0121325054407934,0.0136625761587951,0,-1,-1,1938.6579833984376,1929.1108268208015,0.0028099712124745,84.32737268344773
2014-06-10,1950.7900390625,1950.8599853515625,1944.6400146484373,1950.3399658203125,2702360000,1943.8900146484373,1936.1600341796875,1941.989990234375,-0.0002459836229459,0.0053235203678252,0.0137976806234503,0,-1,0,1943.9679931640624,1933.0525017738375,0.0027736208937603,96.05391630007368
2014-06-11,1943.8900146484373,1949.3699951171875,1940.0799560546875,1949.3699951171875,2710620000,1930.1099853515625,1937.780029296875,1956.97998046875,-0.0035370410325545,-0.0028469339526352,0.0083044638281819,-1,0,1,1947.1699951171877,1935.0229586601288,0.0039887561283687,86.5863311234772
2014-06-12,1930.1099853515625,1943.3499755859373,1925.780029296875,1943.3499755859373,3040480000,1936.1600341796875,1941.989990234375,1959.47998046875,-0.0070888935037649,-0.0108442368139139,-0.0053337743598363,0,1,1,1945.1,1934.1296907858436,0.0044579028553999,71.95889569472845
2014-06-13,1936.1600341796875,1937.300048828125,1927.68994140625,1930.800048828125,2598230000,1937.780029296875,1956.97998046875,1962.8699951171875,0.0031345616954687,-0.0074995281859463,-0.0068121653529796,0,1,1,1942.4440185546875,1934.498844130179,0.0040089336022692,71.29197213288451
2014-06-16,1937.780029296875,1941.1500244140625,1930.9100341796875,1934.8399658203125,2926130000,1941.989990234375,1959.47998046875,1962.6099853515625,0.0008367051734305,-0.0031431744108564,-0.0069134410406282,0,1,1,1939.7460205078123,1935.095423251396,0.0039945379344848,67.50100334983154
2014-06-17,1941.989990234375,1943.68994140625,1933.550048828125,1937.1500244140625,2971260000,1956.97998046875,1962.8699951171875,1949.97998046875,0.0021725690603942,0.0061550921828159,-0.0045110179219256,1,1,0,1937.9860107421875,1936.348980884665,0.0043008963507972,71.19355512230084
2014-06-18,1956.97998046875,1957.739990234375,1939.2900390625,1942.72998046875,3065220000,1959.47998046875,1962.6099853515625,1959.530029296875,0.0077188813071924,0.0107532156028018,0.0067339024953425,0,0,0,1940.60400390625,1940.100071718135,0.0053828944593494,72.88490035256314
2014-06-19,1959.47998046875,1959.8699951171875,1952.260009765625,1957.5,2952150000,1962.8699951171875,1949.97998046875,1957.219970703125,0.0012774785766593,0.0111983562859552,0.0152167468901198,0,0,0,1946.4780029296876,1943.623691490974,0.002766477145595,72.53106134632336
2014-06-20,1962.8699951171875,1963.9100341796875,1959.1700439453125,1960.449951171875,4336240000,1962.6099853515625,1959.530029296875,1960.9599609375,0.0017300583227324,0.0107518601989768,0.0137953270731654,0,0,0,1951.8199951171875,1947.1230194230127,0.0028236706807952,73.20029351727632
2014-06-23,1962.6099853515625,1963.739990234375,1958.8900146484373,1962.9200439453125,2717630000,1949.97998046875,1957.219970703125,1960.22998046875,-0.0001324640787579,0.0028768842497122,0.0128136092225581,-1,0,0,1956.785986328125,1949.9388314100215,0.0030144220897078,73.62391078422786
2014-06-24,1949.97998046875,1968.1700439453125,1948.3399658203125,1961.969970703125,3089700000,1959.530029296875,1960.9599609375,1973.3199462890625,-0.0064353106205918,-0.0048482250876211,0.0041143313171303,0,1,1,1958.383984375,1949.946313057063,0.0050541588889748,62.25053084206261
2014-06-25,1959.530029296875,1960.8299560546875,1947.489990234375,1949.27001953125,3106710000,1957.219970703125,1960.22998046875,1974.6199951171875,0.0048975112174378,-0.0017015726098116,0.0013030530989459,0,0,1,1958.893994140625,1951.6888069188467,0.0041738405250995,60.93841461438221
2014-06-26,1957.219970703125,1959.8900146484373,1944.68994140625,1959.8900146484373,2778840000,1960.9599609375,1973.3199462890625,1985.43994140625,-0.0011788839972913,-0.0027463503643959,-0.0011533722151549,0,1,1,1958.4419921875,1952.6944730614423,0.0041697956428251,54.832301677091095
2014-06-27,1960.9599609375,1961.469970703125,1952.1800537109373,1956.56005859375,4290590000,1960.22998046875,1974.6199951171875,1977.6500244140625,0.001910868625069,0.0056308170231114,-0.0009730823663507,0,1,1,1958.0599853515623,1954.1972890389077,0.0041917030721507,55.87909418305792
2014-06-30,1960.22998046875,1964.239990234375,1958.219970703125,1960.7900390625,3037350000,1973.3199462890625,1985.43994140625,1963.7099609375,-0.0003722566922789,0.000357203595459,-0.0012126733791105,1,1,0,1957.583984375,1955.2941420261516,0.0041922854703055,55.71009167714349
2014-07-01,1973.3199462890625,1978.5799560546875,1962.2900390625,1962.2900390625,3188240000,1974.6199951171875,1977.6500244140625,1972.8299560546875,0.0066777704405798,0.0082259407868976,0.0119693361234929,0,0,0,1962.2519775390624,1958.5715609830445,0.0033641159614687,66.56156403599147
2014-07-02,1974.6199951171875,1976.6700439453125,1972.5799560546875,1973.06005859375,2851480000,1985.43994140625,1963.7099609375,1964.6800537109373,0.0006588129971369,0.006965993417406,0.0077008086605987,1,-1,-1,1965.269970703125,1961.4894580983428,0.0030967633223201,79.14098563848628
2014-07-03,1985.43994140625,1985.5899658203125,1975.8800048828125,1975.8800048828125,1998090000,1977.6500244140625,1972.8299560546875,1967.5699462890625,0.0054795081158998,0.0128607159306233,0.0144183950325149,0,-1,-1,1970.91396484375,1965.844091427053,0.0030671710632591,80.367203800635
2014-07-07,1977.6500244140625,1984.219970703125,1974.8800048828125,1984.219970703125,2681260000,1963.7099609375,1964.6800537109373,1977.0999755859373,-0.0039235218501094,0.0021943112332811,0.0085111699417785,-1,-1,0,1974.2519775390624,1967.9906246974183,0.0043607658102064,72.83244994940839
2014-07-08,1963.7099609375,1976.3900146484373,1959.4599609375,1976.3900146484373,3302430000,1972.8299560546875,1967.5699462890625,1973.280029296875,-0.0070488020147511,-0.0055251310159248,0.0017752919317752,0,0,0,1974.9479736328128,1967.212322195615,0.0059044771044503,61.191241734467255
2014-07-09,1972.8299560546875,1974.1500244140625,1965.0999755859373,1965.0999755859373,2858800000,1964.6800537109373,1977.0999755859373,1981.5699462890625,0.0046442678901692,-0.0063512298149049,-0.0002483075465266,0,0,0,1974.8499755859375,1968.2337101699916,0.0054106538810241,58.69253479454368
2014-07-10,1964.6800537109373,1969.8399658203125,1952.8599853515625,1966.6700439453125,3165690000,1967.5699462890625,1973.280029296875,1958.1199951171875,-0.0041310718740548,-0.0065582739832685,-0.0050338502754097,0,0,0,1972.8619873046875,1967.5875908138,0.0056740703923896,52.68543489230354
2014-07-11,1967.5699462890625,1968.6700439453125,1959.6300048828125,1965.760009765625,2684630000,1977.0999755859373,1981.5699462890625,1978.219970703125,0.0014709227452411,0.0019656596077557,-0.0090005216196721,0,1,1,1969.28798828125,1967.5843827183928,0.0047360495178377,52.43976315806635
2014-07-14,1977.0999755859373,1979.8499755859373,1969.8599853515625,1969.8599853515625,2744920000,1973.280029296875,1958.1199951171875,1973.6300048828125,0.0048435529902501,0.0021644133687979,-0.0002781325418222,0,-1,0,1969.177978515625,1969.3144905124916,0.0053370035713075,56.861450740986925
2014-07-15,1973.280029296875,1982.52001953125,1965.3399658203125,1977.3599853515625,3328740000,1981.5699462890625,1978.219970703125,1983.530029296875,-0.0019320956634629,0.0043772906279033,0.0048734632658309,0,0,1,1971.0919921875,1970.0354975641976,0.0039748666317848,62.03766302475783
2014-07-16,1981.5699462890625,1983.93994140625,1975.6700439453125,1976.3499755859373,3390950000,1958.1199951171875,1973.6300048828125,1987.010009765625,0.0042010849292086,0.0071153760131397,0.004430179198948,-1,0,0,1972.839990234375,1972.1326700596271,0.0038764262357175,61.53684934165146
2014-07-17,1958.1199951171875,1981.800048828125,1955.5899658203125,1979.75,3381680000,1978.219970703125,1983.530029296875,1987.97998046875,-0.0118340264575521,-0.0095999093131974,-0.0033389958743454,1,1,1,1971.527978515625,1969.584910979184,0.0067995713057665,50.38574829248659
2014-07-18,1978.219970703125,1979.9100341796875,1960.8199462890625,1961.5400390625,3106060000,1973.6300048828125,1987.010009765625,1978.3399658203125,0.0102649355688411,0.0025034163083332,0.0054127805896553,0,0,0,1973.6579833984376,1971.1549218380824,0.0084277699841472,56.48777273602193
2014-07-21,1973.6300048828125,1976.9300537109373,1965.77001953125,1976.9300537109373,2611160000,1983.530029296875,1987.97998046875,1978.9100341796875,-0.0023202504717819,-0.0040068943420944,-0.0017550810510209,1,1,0,1972.9639892578125,1971.604936937124,0.0082409593909828,54.89482456733504
2014-07-22,1983.530029296875,1986.239990234375,1975.6500244140625,1975.6500244140625,2890480000,1987.010009765625,1978.3399658203125,1969.949951171875,0.0050161501343055,0.0129767502722257,0.0051943970687486,0,0,-1,1975.0139892578125,1973.7731355479875,0.0084842535495541,53.81857859574662
2014-07-23,1987.010009765625,1989.22998046875,1982.43994140625,1985.3199462890625,2869720000,1987.97998046875,1978.9100341796875,1970.0699462890625,0.0017544380056517,0.0044434083128661,0.0027453300282183,0,0,-1,1976.102001953125,1976.1798399511945,0.0083273066619262,54.55952734923472
2014-07-24,1987.97998046875,1991.3900146484373,1985.7900390625,1988.0699462890625,3203530000,1978.3399658203125,1969.949951171875,1930.6700439453125,0.0004881559218916,0.0072708539850099,0.0152493133342297,0,-1,-1,1982.0739990234376,1978.3253200452957,0.0048218700712463,51.00779579001639
2014-07-25,1978.3399658203125,1984.5999755859373,1974.3699951171875,1984.5999755859373,2638960000,1978.9100341796875,1970.0699462890625,1925.1500244140625,-0.0048491507676875,-0.0026165792299107,6.065812647970681e-05,0,0,-1,1982.097998046875,1978.3279829134804,0.0037872925712583,50.26978314191726
2014-07-28,1978.9100341796875,1981.52001953125,1967.31005859375,1978.25,2803320000,1969.949951171875,1930.6700439453125,1938.989990234375,0.0002881549022029,-0.0040764644094032,0.0026752883183838,0,-1,-1,1983.15400390625,1978.433810416427,0.003557381004295,56.63760779733325
2014-07-29,1969.949951171875,1984.8499755859373,1969.949951171875,1980.030029296875,3183300000,1970.0699462890625,1925.1500244140625,1920.2099609375,-0.0045277869398073,-0.0090695225676386,-0.0068464192245246,0,-1,-1,1980.43798828125,1976.891290553781,0.0030838466027637,48.74059301445332
2014-07-30,1970.0699462890625,1978.9000244140625,1962.4200439453125,1973.2099609375,3448250000,1930.6700439453125,1938.989990234375,1920.239990234375,6.091277451791832e-05,-0.0041802822943127,-0.0085254041969122,-1,-1,-1,1977.0499755859375,1975.651046142014,0.0027273986757351,52.534992937566834
2014-07-31,1930.6700439453125,1965.1400146484373,1930.6700439453125,1965.1400146484373,4193000000,1925.1500244140625,1920.2099609375,1909.5699462890625,-0.019999240340662,-0.0243770507002213,-0.0288282261826018,0,-1,-1,1965.58798828125,1967.47268210625,0.0082999525338141,37.081659515183745
2014-08-01,1925.1500244140625,1937.3499755859373,1916.3699951171875,1929.800048828125,3789660000,1938.989990234375,1920.239990234375,1931.5899658203125,-0.0028591211370172,-0.0227416573355897,-0.0268861481470374,1,0,0,1954.95,1959.7776534349432,0.0084043298226155,31.28736380153653
2014-08-04,1938.989990234375,1942.9200439453125,1921.199951171875,1926.6199951171875,3072920000,1920.2099609375,1909.5699462890625,1936.9200439453125,0.0071890323584131,-0.0157760672981339,-0.0201727432050039,-1,-1,0,1946.9659912109375,1955.998078307567,0.009990465486215,38.48011915837472
2014-08-05,1920.2099609375,1936.3399658203125,1913.77001953125,1936.3399658203125,3462520000,1920.239990234375,1931.5899658203125,1933.75,-0.0096854699567607,-0.0054178511965915,-0.0252493674800143,0,1,1,1937.0179931640623,1949.4911478766455,0.0103160345570948,30.743156528218165
2014-08-06,1920.239990234375,1927.9100341796875,1911.449951171875,1917.2900390625,3539150000,1909.5699462890625,1936.9200439453125,1946.719970703125,1.563854864095049e-05,-0.0025504683361921,-0.025293495872342,-1,1,1,1927.052001953125,1944.172755578051,0.0103104356810346,36.06328253172021
2014-08-07,1909.5699462890625,1928.8900146484373,1904.780029296875,1923.030029296875,3230520000,1931.5899658203125,1933.75,1955.1800537109373,-0.0055566200056119,-0.0151728704601287,-0.0109288988672202,1,1,1,1922.831982421875,1937.8813357073257,0.0063402373975289,22.859186346259605
2014-08-08,1931.5899658203125,1932.3800048828125,1909.010009765625,1910.3499755859373,2902280000,1936.9200439453125,1946.719970703125,1955.06005859375,0.0115314024364712,0.0059264377929049,0.003345163402634,0,1,1,1924.119970703125,1936.7374502733232,0.0087592585754003,35.39263507002204
2014-08-11,1936.9200439453125,1944.9000244140625,1933.4300537109373,1933.4300537109373,2784890000,1933.75,1955.1800537109373,1971.739990234375,0.0027594252503462,0.0086864422133514,-0.0010675384089076,0,1,1,1923.7059814453123,1936.7706491227757,0.0081409027485702,33.273552579714774
2014-08-12,1933.75,1939.6500244140625,1928.2900390625,1935.72998046875,2611700000,1946.719970703125,1955.06005859375,1981.5999755859373,-0.0016366416131744,0.0126625650754126,0.007051332582344,1,1,1,1926.4139892578123,1936.221440191362,0.0064035732232348,30.84451562680225
2014-08-13,1946.719970703125,1948.4100341796875,1935.5999755859373,1935.5999755859373,2718020000,1955.1800537109373,1971.739990234375,1986.510009765625,0.0067071600274726,0.0078329278731716,0.0137899328226769,0,1,1,1931.7099853515624,1938.1302639207736,0.0067270757881971,36.33957829119905
2014-08-14,1955.1800537109373,1955.22998046875,1947.4100341796875,1947.4100341796875,2609460000,1955.06005859375,1981.5999755859373,1992.3699951171875,0.0043458140539631,0.009427343076295,0.023885015320078,0,1,1,1940.8320068359376,1941.2302257008032,0.0048665303999902,42.27180299302568
2014-08-15,1955.06005859375,1964.0400390625,1941.5,1958.8699951171875,3023380000,1971.739990234375,1986.510009765625,1988.4000244140625,-6.137292417618401e-05,0.0110200690853263,0.0121506599168266,1,1,1,1945.526025390625,1943.744740772248,0.0033472832922492,42.017559986695666
2014-08-18,1971.739990234375,1971.989990234375,1958.3599853515625,1958.3599853515625,2638160000,1981.5999755859373,1992.3699951171875,1997.9200439453125,0.0085316722457224,0.0128523978321408,0.0179769662655449,1,1,1,1952.4900146484376,1948.834786128998,0.0043404368957268,50.56967660784466
2014-08-19,1981.5999755859373,1982.5699462890625,1972.72998046875,1972.72998046875,2656430000,1986.510009765625,1988.4000244140625,2000.02001953125,0.0050006519117109,0.0135127820196687,0.0247446544723657,0,0,1,1962.060009765625,1954.7920933029868,0.0032166453932619,53.455206037437456
2014-08-20,1986.510009765625,1988.5699462890625,1977.6800537109373,1980.4599609375,2579560000,1992.3699951171875,1997.9200439453125,2000.1199951171875,0.0024778129996876,0.0160864373621834,0.0204395288800209,0,1,1,1970.018017578125,1960.5589872052844,0.0031800704776273,71.09393661243917
2014-08-21,1992.3699951171875,1994.760009765625,1986.8199462890625,1986.8199462890625,2638920000,1988.4000244140625,2000.02001953125,1996.739990234375,0.0029498896671826,0.0104628424564032,0.0190212360931483,0,0,0,1977.456005859375,1966.3428068256303,0.0032097235063538,75.32775876580948
2014-08-22,1988.4000244140625,1993.5400390625,1984.760009765625,1992.5999755859373,2301860000,1997.9200439453125,2000.1199951171875,2003.3699951171875,-0.0019925870761225,0.0034315951311587,0.0170531670747207,0,1,1,1984.1239990234376,1970.353210023527,0.0038415152640202,70.11314566741629
2014-08-25,1997.9200439453125,2001.949951171875,1991.739990234375,1991.739990234375,2233880000,2000.02001953125,1996.739990234375,2002.280029296875,0.0047877788243617,0.005743758714326,0.0132776399731211,0,0,0,1989.360009765625,1975.3653616456695,0.0028181873468372,84.21235920774738
2014-08-26,2000.02001953125,2005.0400390625,1998.5899658203125,1998.5899658203125,2451950000,2000.1199951171875,2003.3699951171875,2000.719970703125,0.0010510808940034,0.0038396605212942,0.0092955410639152,0,0,0,1993.0440185546877,1979.8480267157747,0.0025317031360253,84.49495631804015
2014-08-27,2000.1199951171875,2002.1400146484373,1996.199951171875,2000.5400390625,2344350000,1996.739990234375,2002.280029296875,1997.6500244140625,4.9987292607633904e-05,0.0058941714741622,0.0068512040133985,0,0,0,1995.766015625,1983.533839152395,0.002613828383615,93.09031593841132
2014-08-28,1996.739990234375,1998.550048828125,1990.52001953125,1997.4200439453125,2282400000,2003.3699951171875,2000.719970703125,2007.7099609375,-0.0016899010514689,-0.0005906411092444,0.0021933652523864,0,0,1,1996.6400146484375,1985.9349575309368,0.0027332517612451,87.68945037885761
2014-08-29,2003.3699951171875,2003.3800048828125,1994.6500244140625,1998.449951171875,2259130000,2002.280029296875,1997.6500244140625,2001.5400390625,0.0033204147336349,0.0016749710269012,0.0075286514380004,0,0,0,1999.6340087890624,1989.1049643648005,0.0025788979412997,87.87186023202459
2014-09-02,2002.280029296875,2006.1199951171875,1994.8499755859373,2004.0699462890625,2819980000,2000.719970703125,2007.7099609375,1988.43994140625,-0.0005440661600049,0.0010799522953426,0.0021822621804987,0,0,-1,2000.506005859375,1991.5004307160864,0.0018925612495699,90.00590042666636
2014-09-03,2000.719970703125,2009.280029296875,1998.1400146484373,2003.5699462890625,2809980000,1997.6500244140625,2001.5400390625,1995.68994140625,-0.000779141064648,0.0019932392240427,0.000349972082799,0,0,0,2000.64599609375,1993.1767107137296,0.0019209994349834,86.36853926509451
2014-09-04,1997.6500244140625,2011.1700439453125,1992.5400390625,2001.6700439453125,3072410000,2007.7099609375,1988.43994140625,1997.449951171875,-0.0015344207755288,-0.0028551743896865,-0.0012349112599018,1,0,0,2000.152001953125,1993.9900404774264,0.0020516623478693,80.84245538098604
2014-09-05,2007.7099609375,2007.7099609375,1990.0999755859373,1998.0,2818300000,2001.5400390625,1995.68994140625,1985.5400390625,0.0050358853655501,0.0027118742439495,0.0054939405014056,0,-1,-1,2002.34599609375,1996.484571470167,0.0028980912834695,83.41162544820693
2014-09-08,2001.5400390625,2007.1700439453125,1995.5999755859373,2007.1700439453125,2789090000,1988.43994140625,1997.449951171875,1984.1300048828125,-0.0030731141425024,0.000409886626506,-0.0009134388850524,-1,0,-1,2001.9800048828124,1997.4037473960457,0.003078211092459,71.82201420077713
2014-09-09,1988.43994140625,2001.010009765625,1984.6099853515625,2000.72998046875,2882830000,1995.68994140625,1985.5400390625,1998.97998046875,-0.0065450090433294,-0.0046104587366417,-0.0069121639771261,0,0,1,1999.2119873046877,1995.7739644888104,0.004215815835892,54.781862154175094
2014-09-10,1995.68994140625,1996.6600341796875,1982.989990234375,1988.4100341796875,2912430000,1997.449951171875,1984.1300048828125,2001.5699462890625,0.0036460744169486,-0.0059869302663803,-0.0025141096058072,0,-1,0,1998.2059814453123,1995.758687564708,0.0047976260759465,56.214425014635395
2014-09-11,1997.449951171875,1997.6500244140625,1985.9300537109373,1992.8499755859373,2941690000,1985.5400390625,1998.97998046875,2011.3599853515625,0.0008819054148185,-0.0020434704331674,-0.000100154301175,-1,0,1,1998.165966796875,1996.0661900387383,0.0047883280577312,53.641029408886865
2014-09-12,1985.5400390625,1996.739990234375,1980.260009765625,1996.739990234375,3206570000,1984.1300048828125,2001.5699462890625,2010.4000244140625,-0.0059625584622972,-0.0014583806547856,-0.0110423927292007,0,1,1,1993.731982421875,1994.1523444066952,0.0044009217685831,48.15959353708961
2014-09-15,1984.1300048828125,1987.1800537109373,1978.47998046875,1986.0400390625,2776530000,1998.97998046875,2011.3599853515625,1994.2900390625,-0.0007101514711097,-0.0057924511636772,-0.0086983192141597,1,1,1,1990.2499755859376,1992.3301008568983,0.0044119968392607,40.09191692313393
2014-09-16,1998.97998046875,2002.280029296875,1979.06005859375,1981.9300537109373,3160310000,2001.5699462890625,2010.4000244140625,1982.77001953125,0.007484376300642,0.0007659913060535,0.0053006574868164,0,1,-1,1992.3579833984377,1993.5391698772348,0.0050110268071113,49.36844726895519
2014-09-17,2001.5699462890625,2010.739990234375,1993.2900390625,1999.300048828125,3209420000,2011.3599853515625,1994.2900390625,1998.300048828125,0.0012956437010964,0.0080733235851195,0.0029463519161043,0,0,0,1993.533984375,1994.9993110430216,0.0048151239614827,50.85462336913104
2014-09-18,2011.3599853515625,2012.3399658203125,2003.0699462890625,2003.0699462890625,3235340000,2010.4000244140625,1982.77001953125,1965.989990234375,0.0048911800862372,0.0137238892621647,0.0069638962275508,0,-1,-1,1996.3159912109377,1997.97397909912,0.0051932376578902,58.0118458135397
2014-09-19,2010.4000244140625,2019.260009765625,2006.5899658203125,2012.739990234375,4880220000,1994.2900390625,1998.300048828125,1982.8499755859373,-0.0004772695810254,0.0057129356256158,0.0125205157601859,-1,-1,-1,2001.28798828125,2000.2332600654731,0.0035770580582218,54.10777359866281
2014-09-22,1994.2900390625,2009.0799560546875,1991.010009765625,2009.0799560546875,3349670000,1982.77001953125,1965.989990234375,1977.800048828125,-0.0080133232968189,-0.0036370985885652,0.0051206494305737,-1,-1,-1,2003.3199951171875,1999.1526744285688,0.0059306749646432,46.02843093408036
2014-09-23,1982.77001953125,1995.4100341796875,1982.77001953125,1992.780029296875,3279350000,1998.300048828125,1982.8499755859373,1972.2900390625,-0.0057765015647701,-0.0142142460964367,-0.0081091161972011,1,0,-1,2000.0780029296875,1996.1740099017832,0.0052524586458101,41.88150932342745
2014-09-24,1998.300048828125,1999.7900390625,1978.6300048828125,1983.3399658203125,3313850000,1965.989990234375,1977.800048828125,1946.1600341796875,0.0078324914861009,-0.0060186905287489,-0.0016336663462598,-1,-1,-1,1999.4240234375,1996.5605624338457,0.006756556843627,50.264216326359545
2014-09-25,1965.989990234375,1997.3199462890625,1965.989990234375,1997.3199462890625,3273050000,1982.8499755859373,1972.2900390625,1946.1700439453125,-0.0161687723586344,-0.0141905381232454,-0.0225568746756475,1,0,-1,1990.3500244140623,1991.002276579396,0.0089219352465959,35.63955393799108
2014-09-26,1982.8499755859373,1986.3699951171875,1966.219970703125,1966.219970703125,2929440000,1977.800048828125,1946.1600341796875,1967.9000244140625,0.0085758246152374,4.032543053389403e-05,-0.0137037646704937,0,-1,-1,1984.8400146484375,1989.5200400351307,0.0106908978482102,44.0076772363006
2014-09-29,1977.800048828125,1981.280029296875,1964.0400390625,1978.9599609375,3094440000,1972.2900390625,1946.1700439453125,1964.8199462890625,-0.0025468022391961,-0.010258719661255,-0.00826860181387,0,-1,-1,1981.5420166015624,1987.389132542948,0.0102847779135508,46.40300892332741
2014-09-30,1972.2900390625,1985.1700439453125,1968.9599609375,1978.2099609375,3951100000,1946.1600341796875,1967.9000244140625,1935.0999755859373,-0.0027859286225064,0.0032045172454686,-0.0052855249804653,-1,0,-1,1979.4460205078128,1984.64384281923,0.0100670425054475,41.99510248493608
2014-10-01,1946.1600341796875,1971.43994140625,1941.719970703125,1971.43994140625,4188590000,1946.1700439453125,1964.8199462890625,1968.8900146484373,-0.0132485609952343,-0.018503639638903,-0.0260921850444902,0,1,1,1969.018017578125,1977.6467867029496,0.0098454021256782,34.96160649257146
2014-10-02,1946.1700439453125,1952.3199462890625,1926.030029296875,1945.8299560546875,4012510000,1967.9000244140625,1935.0999755859373,1928.2099609375,5.143341477165109e-06,-0.015992519011997,-0.0100814075287838,1,-1,-1,1965.0540283203125,1971.9237425651972,0.0077992862981673,37.59062160171885
2014-10-03,1967.9000244140625,1971.18994140625,1948.1199951171875,1948.1199951171875,3560970000,1964.8199462890625,1968.8900146484373,1906.1300048828125,0.0111655096821337,-0.0022258463823729,-0.0075396279879706,0,0,-1,1962.0640380859377,1971.192157446809,0.0087100098695682,45.46521796632547
2014-10-06,1964.8199462890625,1977.8399658203125,1958.4300537109373,1970.010009765625,3358220000,1935.0999755859373,1928.2099609375,1874.739990234375,-0.001565159859133,0.0095880666449099,-0.0065628992914391,-1,-1,-1,1959.468017578125,1970.0335735999456,0.0086910546821912,39.78345998145631
2014-10-07,1935.0999755859373,1962.3599853515625,1934.8699951171875,1962.3599853515625,3687870000,1968.8900146484373,1906.1300048828125,1877.699951171875,-0.0151260530305878,-0.0056881300756915,-0.0188562852014607,1,-1,-1,1952.0300048828128,1963.6820103246712,0.0107352716249691,32.895900710159026
2014-10-08,1968.8900146484373,1970.3599853515625,1925.25,1935.550048828125,4441890000,1928.2099609375,1874.739990234375,1862.489990234375,0.0174616502965272,0.0005030693745071,0.0116793994684669,-1,-1,-1,1956.5760009765625,1964.6289202017197,0.0125728590774862,40.27301559584007
2014-10-09,1928.2099609375,1967.6800537109373,1927.56005859375,1967.6800537109373,4344020000,1906.1300048828125,1877.699951171875,1862.760009765625,-0.0206614150146934,-0.0186327431277901,-0.0092284243423064,-1,-1,-1,1952.983984375,1958.0072912445885,0.0163744645371502,34.07355438075203
2014-10-10,1906.1300048828125,1936.97998046875,1906.050048828125,1925.6300048828125,4550540000,1874.739990234375,1862.489990234375,1886.760009765625,-0.0114510123389012,-0.0149707875916605,-0.0313887996163025,-1,-1,-1,1940.62998046875,1948.575057360629,0.0149809222344383,33.30303154989829
2014-10-13,1874.739990234375,1912.0899658203125,1874.1400146484373,1905.6500244140625,4352580000,1877.699951171875,1862.760009765625,1904.010009765625,-0.0164679295578096,-0.047818833816816,-0.0458464177467359,0,-1,1,1922.6139892578128,1935.15049970131,0.0152905494533801,30.971926462695063
2014-10-14,1877.699951171875,1898.7099609375,1871.7900390625,1877.1099853515625,4812010000,1862.489990234375,1886.760009765625,1941.280029296875,0.0015788647774723,-0.0261952851550807,-0.0296625627297018,-1,0,1,1911.133984375,1924.7049454232304,0.0155088204888703,27.773668272829735
2014-10-15,1862.489990234375,1874.1800537109373,1820.6600341796875,1874.1800537109373,6090800000,1862.760009765625,1904.010009765625,1927.1099853515625,-0.0081003149241216,-0.022894563611426,-0.054040613555075,0,1,1,1889.8539794921876,1913.3931353888931,0.0085158461934053,29.642010251439913
2014-10-16,1862.760009765625,1876.010009765625,1835.02001953125,1855.949951171875,5073150000,1886.760009765625,1941.280029296875,1950.8199462890625,0.0001449777086941,-0.0063902090589385,-0.0339433736459141,1,1,1,1876.7639892578125,1904.1871125482987,0.0076683152162139,24.72960455695447
2014-10-17,1886.760009765625,1898.1600341796875,1864.9100341796875,1864.9100341796875,4482120000,1904.010009765625,1927.1099853515625,1964.5799560546875,0.0128841073859105,0.0048250832557648,-0.0101619485908981,1,1,1,1872.889990234375,1901.0185484059944,0.0110168095166107,32.25755802317606
2014-10-20,1904.010009765625,1905.030029296875,1882.300048828125,1885.6199951171875,3331210000,1941.280029296875,1950.8199462890625,1961.6300048828125,0.0091426572063835,0.0222927477457341,0.0156128421454277,1,1,1,1878.743994140625,1901.5624504713817,0.0081965085465304,37.27543479843729
2014-10-21,1941.280029296875,1942.449951171875,1909.3800048828125,1909.3800048828125,3987090000,1927.1099853515625,1964.5799560546875,1985.050048828125,0.0195744871823639,0.0421525151493507,0.0338606165938917,-1,1,1,1891.460009765625,1908.783828439653,0.0108624992460091,49.12682440315196
2014-10-22,1927.1099853515625,1949.31005859375,1926.8299560546875,1941.2900390625,3761930000,1950.8199462890625,1961.6300048828125,1982.300048828125,-0.0072993302004167,0.0213858547865606,0.0346954858581847,1,1,1,1904.3840087890624,1912.115856969091,0.0105916525887917,46.754078294385515
2014-10-23,1950.8199462890625,1961.949951171875,1931.02001953125,1931.02001953125,3789250000,1964.5799560546875,1985.050048828125,1994.6500244140625,0.0123033771386817,0.0245849214464999,0.0472739032735178,1,1,1,1921.99599609375,1919.152964118177,0.0100373239604094,47.110752822946345
2014-10-24,1964.5799560546875,1965.27001953125,1946.27001953125,1951.5899658203125,3078380000,1961.6300048828125,1982.300048828125,2018.050048828125,0.0070534493928051,0.0120023522656087,0.0412452807385552,0,1,1,1937.5599853515623,1927.412417197542,0.0098569635640006,49.96081920131238
2014-10-27,1961.6300048828125,1964.6400146484373,1951.3699951171875,1962.969970703125,3538860000,1985.050048828125,1994.6500244140625,2017.81005859375,-0.00150156839521,0.0179128434773547,0.030262443380894,1,1,1,1949.083984375,1933.6337967766824,0.0107034028676274,54.74615017036832
2014-10-28,1985.050048828125,1985.050048828125,1964.1400146484373,1964.1400146484373,3653260000,1982.300048828125,2018.050048828125,2012.0999755859373,0.0119390730601673,0.0175465206843801,0.0225469890333664,0,1,1,1957.83798828125,1942.9822062405808,0.0086312747892108,53.00238452575157
2014-10-29,1982.300048828125,1991.4000244140625,1969.0400390625,1983.2900390625,3740350000,1994.6500244140625,2017.81005859375,2023.5699462890625,-0.0013853554985293,0.009019787012906,0.0286387719933349,1,1,1,1968.8760009765624,1950.1309048928615,0.0068268887560764,61.69819230886209
2014-10-30,1994.6500244140625,1999.4000244140625,1974.75,1979.489990234375,3586150000,2018.050048828125,2012.0999755859373,2031.2099609375,0.0062301242403934,0.0168329498677415,0.0224675158813991,1,1,1,1977.6420166015623,1958.2252902603525,0.0058203109201756,69.98555837239408
2014-10-31,2018.050048828125,2018.18994140625,2001.199951171875,2001.199951171875,4292290000,2017.81005859375,2023.5699462890625,2031.9200439453125,0.0117313935415495,0.0166242659823521,0.0272170611374948,0,0,1,1988.33603515625,1969.1025190908565,0.0066559707240334,83.56679586345965
2014-11-03,2017.81005859375,2024.4599609375,2013.6800537109373,2018.2099609375,3555440000,2012.0999755859373,2031.2099609375,2038.260009765625,-0.0001189218446362,0.0179135392679918,0.0286394751156418,0,1,1,1999.5720458984376,1977.9584353641096,0.0063175299011921,83.24083212800576
2014-11-04,2012.0999755859373,2015.97998046875,2001.010009765625,2015.81005859375,3956260000,2023.5699462890625,2031.9200439453125,2039.6800537109373,-0.002829841680833,0.0087483773886603,0.0136268235522731,1,1,1,2004.98203125,1984.1659881317144,0.0061081953001041,87.17016014948075
2014-11-05,2023.5699462890625,2023.77001953125,2014.4200439453125,2015.2900390625,3766590000,2031.2099609375,2038.260009765625,2038.25,0.0057004974118073,0.0027352629158741,0.0208191981255991,0,1,1,2013.2360107421875,1991.3303441603232,0.0057260392207107,87.84652414255898
2014-11-06,2031.2099609375,2031.6099853515625,2015.8599853515625,2023.3299560546875,3669770000,2031.9200439453125,2039.6800537109373,2039.3299560546875,0.0037755130048497,0.0066408145239837,0.0183289981079146,0,0,0,2020.547998046875,1998.5811835743552,0.0056062982410819,86.83254791797904
2014-11-07,2031.9200439453125,2034.260009765625,2025.0699462890625,2032.3599853515625,3704280000,2038.260009765625,2038.25,2039.8199462890625,0.0003495862178053,0.0098504391431164,0.0068729688469528,0,0,0,2023.3219970703128,2004.6427945508929,0.003370324885579,85.61958018119685
2014-11-10,2038.260009765625,2038.699951171875,2030.1700439453125,2032.010009765625,3284940000,2039.6800537109373,2039.3299560546875,2041.3199462890625,0.003120184693883,0.0072594789735349,0.0101347255579282,0,0,0,2027.4119873046875,2010.7550154990256,0.0033222540987855,82.62680123717223
2014-11-11,2039.6800537109373,2041.280029296875,2035.280029296875,2038.199951171875,2958320000,2038.25,2039.8199462890625,2051.800048828125,0.0006966942090353,0.0041699740235263,0.0137071112070206,0,0,1,2032.9280029296872,2016.0141133557368,0.0022287825882491,91.4256168637393
2014-11-12,2038.25,2040.3299560546875,2031.949951171875,2037.75,3246650000,2039.3299560546875,2041.3199462890625,2048.719970703125,-0.0007011166816753,0.0031152584342821,0.0072545323861221,0,0,1,2035.864013671875,2020.057001836512,0.0019107062849697,88.48485434551367
2014-11-13,2039.3299560546875,2046.1800537109373,2030.43994140625,2039.2099609375,3455270000,2039.8199462890625,2051.800048828125,2052.75,0.0005298447465655,0.0005249312079598,0.0039976148568312,0,1,1,2037.4880126953128,2023.5611753307255,0.0014074029457867,87.03789726198295
2014-11-14,2039.8199462890625,2042.219970703125,2035.199951171875,2039.739990234375,3227130000,2041.3199462890625,2048.719970703125,2063.5,0.0002402702088106,6.858554991051591e-05,0.0038879001992671,0,0,1,2039.0679931640625,2026.5173155049688,0.0014169471486721,89.71040441085367
2014-11-17,2041.3199462890625,2043.0699462890625,2034.4599609375,2038.2900390625,3152890000,2051.800048828125,2052.75,2069.409912109375,0.0007353590216279,0.0015061676875076,0.0015012493542418,1,1,1,2039.67998046875,2029.2087029202585,0.0005927761841266,86.7632210659876
2014-11-18,2051.800048828125,2056.080078125,2041.47998046875,2041.47998046875,3416190000,2048.719970703125,2063.5,2067.030029296875,0.0051339833121772,0.0061147989987664,0.005942106015665,0,1,1,2042.1039794921876,2033.3162203580523,0.0022735319184191,91.24127140346184
2014-11-19,2048.719970703125,2052.139892578125,2040.3699951171875,2051.159912109375,3390850000,2052.75,2069.409912109375,2072.830078125,-0.0015011590075549,0.0043631421637257,0.0051367451014963,0,1,1,2044.1979736328128,2036.1169022389745,0.002460185932449,86.05126635588414
2014-11-20,2052.75,2053.840087890625,2040.489990234375,2045.8699951171875,3128290000,2063.5,2067.030029296875,2067.56005859375,0.0019670962134916,0.0055993445474906,0.006580614336326,1,1,1,2046.881982421875,2039.141101831888,0.0024714187369608,81.19356863298117
2014-11-21,2063.5,2071.4599609375,2056.75,2057.4599609375,3916420000,2069.409912109375,2072.830078125,2053.43994140625,0.0052368773596394,0.0057022862332796,0.011608894085979,0,0,0,2051.6179931640627,2043.5699924079083,0.0029010086538403,84.54535385799528
2014-11-24,2069.409912109375,2070.169921875,2065.070068359375,2065.070068359375,3128060000,2067.030029296875,2067.56005859375,2066.550048828125,0.0028640233144536,0.0100989601810486,0.0137606874764426,0,0,0,2057.235986328125,2048.2681596263565,0.0027643147562408,93.2004851124197
2014-11-25,2067.030029296875,2074.2099609375,2064.75,2070.14990234375,3392940000,2072.830078125,2053.43994140625,2074.330078125,-0.0011500296768531,0.0069565360111436,0.0074227410597091,0,-1,0,2060.281982421875,2051.6794086573595,0.0028315728569929,87.96296098618141
2014-11-26,2072.830078125,2073.2900390625,2066.6201171875,2067.360107421875,2745260000,2067.56005859375,2066.550048828125,2071.919921875,0.0028059818899186,0.0045214820087229,0.0117683762381641,0,0,0,2065.10400390625,2055.524984924203,0.0023023296712264,87.56318333633564
2014-11-28,2067.56005859375,2075.760009765625,2065.06005859375,2074.780029296875,2504640000,2053.43994140625,2074.330078125,2075.3701171875,-0.0025424271805323,-0.0008939038635121,0.0072147405157714,-1,0,0,2068.066015625,2057.713180136848,0.003196793900256,79.7197842784523
2014-12-01,2053.43994140625,2065.780029296875,2049.570068359375,2065.780029296875,4159010000,2066.550048828125,2071.919921875,2060.31005859375,-0.0068293625274923,-0.0065746930126834,-0.0048752404137387,1,1,0,2066.05400390625,2056.9362276403754,0.0040557009413208,61.20451662071134
2014-12-02,2066.550048828125,2068.77001953125,2053.77001953125,2053.77001953125,3686650000,2074.330078125,2075.3701171875,2059.820068359375,0.0063844610974581,-0.0030296884260554,-0.0013819704179994,0,0,0,2065.48203125,2058.684195129057,0.0050672246350199,66.9141976311912
2014-12-03,2074.330078125,2076.280029296875,2066.64990234375,2067.449951171875,3612680000,2071.919921875,2060.31005859375,2026.1400146484373,0.0037647427417917,0.0032744004233931,0.0035316607522186,0,-1,-1,2066.942041015625,2061.5289011283194,0.0053231604539675,71.03052174886065
2014-12-04,2071.919921875,2077.340087890625,2062.340087890625,2073.639892578125,3408340000,2075.3701171875,2059.820068359375,2035.3299560546875,-0.0011618962070774,0.0089995232371367,-0.0004390886930892,0,-1,-1,2066.760009765625,2063.418177627716,0.005228747398272,68.70611216956628
2014-12-05,2075.3701171875,2079.469970703125,2070.81005859375,2072.780029296875,3419620000,2060.31005859375,2026.1400146484373,2002.3299560546875,0.0016652165347093,0.0042680158481409,0.0037774276792046,-1,-1,-1,2068.322021484375,2065.5912575476764,0.0050688869554384,69.7345969883138
2014-12-08,2060.31005859375,2075.780029296875,2054.27001953125,2074.840087890625,3800990000,2059.820068359375,2035.3299560546875,1989.6300048828125,-0.0072565652116833,-0.0067588180295408,0.0033456625874312,0,-1,-1,2069.696044921875,2064.6310395560536,0.0052299333539409,59.16239370525639
2014-12-09,2059.820068359375,2060.60009765625,2034.1700439453125,2056.550048828125,3970150000,2026.1400146484373,2002.3299560546875,1972.739990234375,-0.0002378235413311,-0.0058399233425369,-0.0032566259271419,-1,-1,-1,2068.350048828125,2063.7563175202936,0.0041511655002019,54.28233981230373
2014-12-10,2026.1400146484373,2058.860107421875,2024.260009765625,2058.860107421875,4114440000,2035.3299560546875,1989.6300048828125,2012.8900146484373,-0.0163509688192151,-0.0237211194915817,-0.0232316273985295,0,-1,-1,2058.7120361328125,2056.9169897254105,0.0073352111147707,40.91281113044257
2014-12-11,2035.3299560546875,2055.530029296875,2027.9200439453125,2027.9200439453125,3917950000,2002.3299560546875,1972.739990234375,2061.22998046875,0.004535689211905,-0.0121244384721941,-0.017659932429821,-1,-1,1,2051.39404296875,2052.9920745125514,0.0083837427012692,43.26894322762796
2014-12-12,2002.3299560546875,2032.25,2002.3299560546875,2030.3599853515625,4157650000,1989.6300048828125,2012.8900146484373,2070.64990234375,-0.0162135873359657,-0.0279102593414762,-0.035193800145776,-1,1,1,2036.7860107421875,2043.7807802474852,0.0093693787402146,29.831903348376088
2014-12-15,1989.6300048828125,2018.68994140625,1982.260009765625,2005.030029296875,4361990000,1972.739990234375,2061.22998046875,2078.5400390625,-0.0063425866118981,-0.0180194900163204,-0.0343055422246395,-1,1,1,2022.65,2033.9351847266355,0.0093745883241963,24.823393903220392
2014-12-16,1972.739990234375,2016.8900146484373,1972.56005859375,1986.7099609375,4958680000,2012.8900146484373,2070.64990234375,2082.169921875,-0.0084890228871635,-0.0307517538540226,-0.0422755751643678,1,1,1,2005.233984375,2022.8087857280425,0.0085978907092133,22.740772946403112
2014-12-17,2012.8900146484373,2016.75,1973.77001953125,1973.77001953125,4942370000,2061.22998046875,2078.5400390625,2081.8798828125,0.0203524157328469,0.0052738853363392,-0.0065395283169998,1,1,1,2002.583984375,2021.0053728044777,0.0141631888666516,35.542722412280895
2014-12-18,2061.22998046875,2061.22998046875,2018.97998046875,2018.97998046875,4703380000,2070.64990234375,2082.169921875,2088.77001953125,0.0240152047397161,0.0359865781126249,0.0127252214497286,0,1,1,2007.7639892578125,2028.3189378343452,0.0182388720823598,48.73585836593851
2014-12-19,2070.64990234375,2077.85009765625,2061.030029296875,2061.0400390625,6465530000,2078.5400390625,2081.8798828125,2090.570068359375,0.0045700489340145,0.049631432725071,0.0341202238334772,0,1,1,2021.427978515625,2036.0154768360549,0.0149288603226905,53.50265237988086
2014-12-22,2078.5400390625,2078.760009765625,2069.280029296875,2069.280029296875,3369520000,2082.169921875,2088.77001953125,2080.35009765625,0.0038104639078866,0.0326148095207918,0.0446867176115612,0,0,0,2039.2099853515624,2043.7472154226812,0.0132914032904853,52.49323525051045
2014-12-23,2082.169921875,2086.72998046875,2079.77001953125,2081.47998046875,3043950000,2081.8798828125,2090.570068359375,2058.89990234375,0.0017463617463617,0.01015895441298,0.0554710363161563,0,0,-1,2061.0959716796874,2050.7331620503755,0.0104340266468414,51.6588730487927
2014-12-24,2081.8798828125,2087.56005859375,2081.860107421875,2083.25,1416980000,2088.77001953125,2080.35009765625,2058.199951171875,-0.0001392965384107,0.0054234085907225,0.034274037658293,0,0,-1,2074.8939453125,2056.3962021889433,0.0097975300016245,52.126559368830634
2014-12-26,2088.77001953125,2092.699951171875,2084.300048828125,2084.300048828125,1735230000,2090.570068359375,2058.89990234375,2020.5799560546875,0.0033095745703839,0.0049217144132398,0.0133609734592725,0,-1,-1,2080.401953125,2062.282350796635,0.0018751397016705,52.81960603775342
2014-12-29,2090.570068359375,2093.550048828125,2085.75,2087.6298828125,2452360000,2080.35009765625,2058.199951171875,2002.6099853515625,0.0008617745425745,0.0040343232298787,0.0096202482095488,0,-1,-1,2084.385986328125,2067.4255721716786,0.0016504120795956,56.74362526202949
2014-12-30,2080.35009765625,2088.489990234375,2079.530029296875,2088.489990234375,2440280000,2058.89990234375,2020.5799560546875,2025.9000244140625,-0.0048886047197381,-0.0007348095194538,0.0008708317182892,-1,-1,-1,2084.747998046875,2069.775485896146,0.0031026289640605,54.38507018395083
2014-12-31,2058.89990234375,2085.580078125,2057.93994140625,2082.110107421875,2606070000,2058.199951171875,2002.6099853515625,2062.139892578125,-0.0103108584159301,-0.0143003379540095,-0.0111758503889515,0,-1,0,2080.093994140625,2067.7981070684377,0.0054079891913689,57.3830013988288
2015-01-02,2058.199951171875,2072.360107421875,2046.0400390625,2058.89990234375,2708700000,2020.5799560546875,2025.9000244140625,2044.81005859375,-0.0003399636723855,-0.0154838709677419,-0.0113743025407569,-1,-1,-1,2075.3580078125,2066.052987814517,0.0053892748533676,55.359227977432205
2015-01-05,2020.5799560546875,2054.43994140625,2017.3399658203125,2054.43994140625,3799120000,2002.6099853515625,2062.139892578125,2028.260009765625,-0.0182781051451137,-0.0287308091406828,-0.0326460370643701,-1,1,0,2061.7199951171874,2057.785163858184,0.0078731065411728,54.185967332620976
2015-01-06,2002.6099853515625,2030.25,1992.43994140625,2022.1500244140625,4460110000,2025.9000244140625,2044.81005859375,2023.030029296875,-0.0088934717229465,-0.0273398026432026,-0.0420746878275365,1,1,1,2044.127978515625,2047.7533132206163,0.0066832782497854,52.906916981452305
2015-01-07,2025.9000244140625,2029.6099853515625,2005.550048828125,2005.550048828125,3805480000,2062.139892578125,2028.260009765625,2011.27001953125,0.0116298426717429,-0.0156932890506686,-0.0261735144019901,1,0,-1,2033.2379638671875,2043.7799879830611,0.0113760228460932,61.57362399949283
2015-01-08,2062.139892578125,2064.080078125,2030.6099853515625,2030.6099853515625,3934010000,2044.81005859375,2023.030029296875,1992.6700439453125,0.0178882806295161,0.020568320693721,0.0015736511671533,-1,-1,-1,2033.8859619140624,2047.1181524548908,0.0147286887727306,60.90805122857094
2015-01-09,2044.81005859375,2064.429931640625,2038.3299560546875,2063.449951171875,3364140000,2028.260009765625,2011.27001953125,2019.4200439453125,-0.0084038110347154,0.0210725371144993,-0.0065056325409498,-1,-1,-1,2031.2079833984376,2046.6984990255924,0.0152619849663235,45.784142266691056
2015-01-12,2028.260009765625,2049.300048828125,2022.5799560546875,2046.1300048828125,3456460000,2023.030029296875,1992.6700439453125,2022.550048828125,-0.0080936851609125,0.0011649071144292,0.0038009155183016,0,-1,0,2032.743994140625,2043.346046432871,0.0129137790829919,39.50070144858076
2015-01-13,2023.030029296875,2056.929931640625,2008.25,2031.5799560546875,4107300000,2011.27001953125,2019.4200439453125,2032.1199951171875,-0.0025785552362955,-0.0189656693137117,0.0101967153338284,-1,0,0,2036.8280029296875,2039.652225135417,0.012002262057241,36.067461309314105
2015-01-14,2011.27001953125,2018.4000244140625,1988.43994140625,2018.4000244140625,4378680000,1992.6700439453125,2022.550048828125,2063.14990234375,-0.0058130673273852,-0.0164025205771757,-0.0072214841337217,-1,1,1,2033.902001953125,2034.4918241164776,0.0110313271552761,32.90250981709046
2015-01-15,1992.6700439453125,2021.3499755859373,1991.469970703125,2013.75,4276720000,2019.4200439453125,2032.1199951171875,2051.820068359375,-0.0092478759218379,-0.017547043105398,-0.0336882327347637,1,1,1,2020.0080322265624,2026.8878640853568,0.0026939193633117,30.232699043644672
2015-01-16,2019.4200439453125,2020.4599609375,1988.1199951171875,1992.25,4056410000,2022.550048828125,2063.14990234375,2057.090087890625,0.0134241993958204,-0.0017844447681367,-0.0124168083689389,0,1,1,2014.930029296875,2025.5300786053483,0.0092382162533063,35.876337560585725
2015-01-20,2022.550048828125,2028.93994140625,2004.489990234375,2020.760009765625,3944340000,2032.1199951171875,2051.820068359375,2029.550048828125,0.0015499523698385,0.005608411196575,-0.0028152016556101,0,1,0,2013.788037109375,2024.9882550094896,0.0087629129726528,36.22183143148579
2015-01-21,2032.1199951171875,2038.2900390625,2012.0400390625,2020.18994140625,3730070000,2063.14990234375,2057.090087890625,2002.1600341796875,0.0047316239687653,0.0197975331097803,0.004493243149471,1,1,-1,2015.6060302734377,2026.2849350290708,0.0089442693134293,40.204691918154424
2015-01-22,2063.14990234375,2064.6201171875,2026.3800048828125,2034.300048828125,4176050000,2051.820068359375,2029.550048828125,2021.25,0.0152697219165804,0.0216546619558173,0.025794588647322,-1,-1,-1,2025.9820068359377,2032.9876563590124,0.0098907186247625,50.83082609132645
2015-01-23,2051.820068359375,2062.97998046875,2050.5400390625,2062.97998046875,3573560000,2057.090087890625,2002.1600341796875,1994.989990234375,-0.0054915224393071,0.0144718394228162,0.0296838026916641,0,-1,-1,2037.81201171875,2036.4117312681692,0.0085799186243754,48.80257191324571
2015-01-26,2057.090087890625,2057.6201171875,2040.969970703125,2050.419921875,3465760000,2029.550048828125,2021.25,2020.8499755859373,0.0025684608570302,0.0122877058605967,0.0186538922688501,-1,-1,-1,2045.3460205078125,2040.171432472252,0.0075051081722284,57.79966234312824
2015-01-27,2029.550048828125,2047.8599853515625,2019.9100341796875,2047.8599853515625,3329810000,2002.1600341796875,1994.989990234375,2050.030029296875,-0.013387862410411,-0.0162857063742462,0.0034609773953706,-1,-1,1,2046.7460205078123,2038.2402718096832,0.0108260969402404,55.52912692109465
2015-01-28,2002.1600341796875,2042.489990234375,2001.489990234375,2032.3399658203125,4067530000,2021.25,2020.8499755859373,2041.510009765625,-0.0134956093663483,-0.0242029186406171,-0.0147432046382538,1,1,1,2040.7540283203125,2031.6802286042291,0.0121348750713766,45.2082916524081
2015-01-29,2021.25,2024.6400146484373,1989.1800537109373,2002.449951171875,4127140000,1994.989990234375,2050.030029296875,2062.52001953125,0.0095346852870998,-0.0174227118693552,-0.0203087048091616,-1,1,1,2032.3740478515624,2029.78382340346,0.0100851475031154,41.13285183469957
2015-01-30,1994.989990234375,2023.3199462890625,1993.3800048828125,2019.3499755859373,4568650000,2020.8499755859373,2041.510009765625,2055.469970703125,-0.0129919652520098,-0.0170284337721581,-0.0276973985201544,1,1,1,2021.0080322265624,2023.457671918172,0.0108789323890321,39.59914005304118
2015-02-02,2020.8499755859373,2021.6600341796875,1980.9000244140625,1996.6700439453125,4008330000,2050.030029296875,2062.52001953125,2046.739990234375,0.0129624637106695,0.0093348888636204,-0.0176171731700136,1,1,1,2013.760009765625,2022.983545312311,0.0134971497286962,48.51090323088275
2015-02-03,2050.030029296875,2050.300048828125,2022.7099609375,2022.7099609375,4615900000,2041.510009765625,2055.469970703125,2068.590087890625,0.0144394952932995,0.0142387281617193,0.0100908969850608,0,0,1,2017.856005859375,2027.9010878549589,0.0141113494674778,54.94941032387856
2015-02-04,2041.510009765625,2054.739990234375,2036.719970703125,2048.860107421875,4141920000,2062.52001953125,2046.739990234375,2068.530029296875,-0.0041560462088314,0.0233184225279168,0.0196537613947827,1,0,1,2025.7260009765623,2030.3754372932617,0.0119914615106035,55.60997614905808
2015-02-05,2062.52001953125,2063.550048828125,2043.449951171875,2043.449951171875,3821990000,2055.469970703125,2068.590087890625,2088.47998046875,0.0102914066867774,0.020620058118481,0.0204180677952998,0,0,1,2033.9800048828124,2036.2199067910776,0.0120838643082543,62.84338331545017
2015-02-06,2055.469970703125,2072.39990234375,2049.969970703125,2062.280029296875,4232970000,2046.739990234375,2068.530029296875,2096.989990234375,-0.0034181723141418,0.0026535910833052,0.0303159317915397,0,1,1,2046.0760009765625,2039.7199184114495,0.0090824220090871,57.14624489446165
2015-02-09,2046.739990234375,2056.159912109375,2041.8800048828125,2053.469970703125,3549540000,2068.590087890625,2088.47998046875,2100.340087890625,-0.0042471943609877,0.0025618196549281,0.0128114481338135,1,1,1,2051.25400390625,2040.996295106527,0.0090564393689301,54.691067172270024
2015-02-10,2068.590087890625,2070.860107421875,2048.6201171875,2049.3798828125,3669850000,2068.530029296875,2096.989990234375,2099.679931640625,0.0106755610192323,0.0029430348805798,0.0090535544984751,0,1,1,2054.966015625,2046.013348339999,0.0079080291803093,56.750970854405985
2015-02-11,2068.530029296875,2073.47998046875,2057.989990234375,2068.550048828125,3596860000,2088.47998046875,2100.340087890625,2097.449951171875,-2.903358867545336e-05,0.0063538065648716,0.0132353108248302,1,1,1,2060.37001953125,2050.1072903321583,0.0073207214505277,51.12488999661755
2015-02-12,2088.47998046875,2088.530029296875,2069.97998046875,2069.97998046875,3788350000,2096.989990234375,2099.679931640625,2110.300048828125,0.0096445064317758,0.0203934014254518,0.0125865255569252,0,1,1,2065.56201171875,2057.0841430842656,0.0071558720269083,57.39826334728402
2015-02-13,2096.989990234375,2097.030029296875,2086.699951171875,2088.780029296875,3527450000,2100.340087890625,2097.449951171875,2109.659912109375,0.0040747384917307,0.0137291107165218,0.020199769455667,0,0,1,2073.866015625,2064.3397516570126,0.0063378953123354,57.948179986584634
2015-02-17,2100.340087890625,2101.300048828125,2089.800048828125,2096.469970703125,3361750000,2099.679931640625,2110.300048828125,2115.47998046875,0.0015975744623728,0.0153780985256291,0.0261880345876821,0,0,1,2084.58603515625,2070.885267335851,0.0047781171159227,65.6055607278933
2015-02-18,2099.679931640625,2100.22998046875,2092.14990234375,2099.159912109375,3370020000,2097.449951171875,2109.659912109375,2113.860107421875,-0.0003143092177338,0.0053627285282193,0.0150294850255725,0,0,1,2090.80400390625,2076.1206608458097,0.0041058152451681,74.37017215313608
2015-02-19,2097.449951171875,2102.1298828125,2090.7900390625,2099.25,3247100000,2110.300048828125,2115.47998046875,2110.739990234375,-0.0010620573331896,0.0002193434110997,0.0139809050221186,1,1,1,2096.58798828125,2079.998713632367,0.0043165887360852,70.7946076525196
2015-02-20,2110.300048828125,2110.610107421875,2085.43994140625,2097.64990234375,3281600000,2109.659912109375,2113.860107421875,2104.5,0.0061265336267357,0.0047420705793901,0.0104478226094739,0,0,0,2100.952001953125,2085.508047304322,0.0030079598687016,83.95256087252363
2015-02-23,2109.659912109375,2110.050048828125,2103.0,2109.830078125,3093680000,2115.47998046875,2110.739990234375,2117.389892578125,-0.0003033391953459,0.0047530960878174,0.0060419562964073,0,0,0,2103.485986328125,2089.8992954506957,0.0029196947287641,80.71080560535859
2015-02-24,2115.47998046875,2117.93994140625,2105.8701171875,2109.10009765625,3199840000,2113.860107421875,2104.5,2107.780029296875,0.0027587708928666,0.0085961666388278,0.0072083052956104,0,-1,0,2106.51396484375,2094.5503290903416,0.0030033261192038,76.99396448685758
2015-02-25,2113.860107421875,2119.590087890625,2109.889892578125,2115.300048828125,3312340000,2110.739990234375,2117.389892578125,2098.530029296875,-0.0007657236475081,0.0016869916653448,0.0067534939814231,0,0,-1,2109.35,2098.061197877893,0.0030752131243324,81.64075011964997
2015-02-26,2110.739990234375,2113.909912109375,2103.760009765625,2113.909912109375,3408690000,2104.5,2107.780029296875,2101.0400390625,-0.0014760282274807,0.0005119678858191,0.0063362842365199,0,0,0,2112.0080078125,2100.3664328517984,0.003160798020378,74.99981013558752
2015-02-27,2104.5,2112.739990234375,2103.75,2110.8798828125,3547380000,2117.389892578125,2098.530029296875,2071.260009765625,-0.0029563045487578,-0.0051903022340665,-0.0027484474690439,1,0,-1,2110.847998046875,2101.1179905151075,0.0021037562861854,75.63511129495122
2015-03-02,2117.389892578125,2117.52001953125,2104.5,2105.22998046875,3409490000,2107.780029296875,2101.0400390625,2079.429931640625,0.0061249192578403,0.0016698291168164,0.0036640884269452,0,-1,-1,2112.393994140625,2104.076518162929,0.0036712873143561,85.39910261120777
2015-03-03,2107.780029296875,2115.760009765625,2098.260009765625,2115.760009765625,3262300000,2098.530029296875,2071.260009765625,2044.1600341796875,-0.0045385421527393,-0.0014023332817848,-0.0036398128287504,0,-1,-1,2110.85400390625,2104.749883823646,0.0040929477123702,72.38138792877123
2015-03-04,2098.530029296875,2107.719970703125,2094.489990234375,2107.719970703125,3421110000,2101.0400390625,2079.429931640625,2040.239990234375,-0.0043885034830155,-0.0028367644110833,-0.007252172492955,0,-1,-1,2107.78798828125,2103.619001182414,0.0044108638516281,65.5054410359784
2015-03-05,2101.0400390625,2104.25,2095.219970703125,2098.5400390625,3103030000,2071.260009765625,2044.1600341796875,2065.949951171875,0.0011960799848387,-0.0077217018806665,-0.0045955215785711,-1,-1,-1,2105.847998046875,2103.1500989787937,0.0045656132747841,57.9193015069174
2015-03-06,2071.260009765625,2100.909912109375,2067.27001953125,2100.909912109375,3853570000,2079.429931640625,2040.239990234375,2053.39990234375,-0.0141739465898818,-0.0173262954500202,-0.0157947209476716,0,-1,-1,2099.2,2097.3519009400356,0.0075812547965724,37.20796434345781
2015-03-09,2079.429931640625,2083.489990234375,2072.2099609375,2072.25,3349090000,2044.1600341796875,2065.949951171875,2081.18994140625,0.0039444211911976,-0.0091016556301791,-0.0179277142441065,-1,-1,0,2091.6080078125,2094.0933610674156,0.0069503832221791,40.07964269610721
2015-03-10,2044.1600341796875,2076.139892578125,2044.1600341796875,2076.139892578125,3668900000,2040.239990234375,2053.39990234375,2074.280029296875,-0.0169613300858424,-0.0270723088686081,-0.0301834129904011,0,0,1,2078.8840087890626,2085.014574360556,0.0092223475936134,30.17144790309524
2015-03-11,2040.239990234375,2050.080078125,2039.68994140625,2044.68994140625,3406570000,2065.949951171875,2081.18994140625,2099.5,-0.0019176795748703,-0.0149764005412145,-0.0277766046941108,1,1,1,2067.2260009765623,2076.8737408830684,0.0093999070656503,29.81156588444634
2015-03-12,2065.949951171875,2066.409912109375,2041.0999755859373,2041.0999755859373,3405860000,2053.39990234375,2074.280029296875,2089.27001953125,0.0126014395662084,-0.0064825365181285,-0.0167012942343938,-1,0,1,2060.2079833984376,2074.887597299215,0.0123705585213009,35.65184286485375
